use lms;

#create the building
INSERT INTO building (ID, CREATED, HBM_VERSION, FOREIGN_BUILDING_ID) 
VALUES (1, CURRENT_TIMESTAMP, 0,5);

#create the floors
INSERT INTO floor (ID, CREATED, HBM_VERSION, FOREIGN_FLOOR_ID,FOREIGNKEY_BUILDING_ID) 
VALUES (1, CURRENT_TIMESTAMP, 0,0,1);

INSERT INTO floor (ID, CREATED, HBM_VERSION, FOREIGN_FLOOR_ID,FOREIGNKEY_BUILDING_ID) 
VALUES (2, CURRENT_TIMESTAMP, 0,1,1);

INSERT INTO floor (ID, CREATED, HBM_VERSION, FOREIGN_FLOOR_ID,FOREIGNKEY_BUILDING_ID) 
VALUES (3, CURRENT_TIMESTAMP, 0,2,1);

#create the rooms
##floor 1
INSERT INTO room (ID, CREATED, HBM_VERSION, ROOM_TYPE, ACTIVITY_MODE, ENERGY_USAGE_DAY, ENERGY_USAGE_WEEK, ENERGY_USAGE_MONTH, FOREIGN_ROOM_ID, FOREIGNKEY_FLOOR_ID) 
VALUES (1, CURRENT_TIMESTAMP,0,'O', 'VISUAL_INTENSIVE_MODE' ,0,0,0,'floor-0-room-0',1);

INSERT INTO room (ID, CREATED, HBM_VERSION, ROOM_TYPE, ACTIVITY_MODE, ENERGY_USAGE_DAY, ENERGY_USAGE_WEEK, ENERGY_USAGE_MONTH, FOREIGN_ROOM_ID, FOREIGNKEY_FLOOR_ID) 
VALUES (2, CURRENT_TIMESTAMP,0,'O','OFFICE_MODE',0,0,0,'floor-0-room-1',1);

INSERT INTO room (ID, CREATED, HBM_VERSION, ROOM_TYPE, ACTIVITY_MODE, ENERGY_USAGE_DAY, ENERGY_USAGE_WEEK, ENERGY_USAGE_MONTH, FOREIGN_ROOM_ID, FOREIGNKEY_FLOOR_ID) 
VALUES (3, CURRENT_TIMESTAMP,0,'O','LECTURE_MODE',0,0,0,'floor-0-room-2',1);

INSERT INTO room (ID, CREATED, HBM_VERSION, ROOM_TYPE, ACTIVITY_MODE, ENERGY_USAGE_DAY, ENERGY_USAGE_WEEK, ENERGY_USAGE_MONTH, FOREIGN_ROOM_ID, FOREIGNKEY_FLOOR_ID) 
VALUES (4, CURRENT_TIMESTAMP,0,'O','LOUNGE_MODE',0,0,0,'floor-0-room-3',1);

INSERT INTO room (ID, CREATED, HBM_VERSION, ROOM_TYPE, ACTIVITY_MODE, ENERGY_USAGE_DAY, ENERGY_USAGE_WEEK, ENERGY_USAGE_MONTH, FOREIGN_ROOM_ID, FOREIGNKEY_FLOOR_ID) 
VALUES (5, CURRENT_TIMESTAMP,0,'O','PARTY_MODE',0,0,0,'floor-0-room-4',1);

INSERT INTO room (ID, CREATED, HBM_VERSION, ROOM_TYPE, ACTIVITY_MODE, ENERGY_USAGE_DAY, ENERGY_USAGE_WEEK, ENERGY_USAGE_MONTH, FOREIGN_ROOM_ID, FOREIGNKEY_FLOOR_ID) 
VALUES (6, CURRENT_TIMESTAMP,0,'B','BATHROOM_MODE',0,0,0,'floor-0-room-5',1);

INSERT INTO room (ID, CREATED, HBM_VERSION, ROOM_TYPE, ACTIVITY_MODE, ENERGY_USAGE_DAY, ENERGY_USAGE_WEEK, ENERGY_USAGE_MONTH, FOREIGN_ROOM_ID, FOREIGNKEY_FLOOR_ID) 
VALUES (7, CURRENT_TIMESTAMP,0,'H','HALLWAY_MODE',0,0,0,'floor-0-room-6',1);

##floor 2
INSERT INTO room (ID, CREATED, HBM_VERSION, ROOM_TYPE, ACTIVITY_MODE, ENERGY_USAGE_DAY, ENERGY_USAGE_WEEK, ENERGY_USAGE_MONTH, FOREIGN_ROOM_ID, FOREIGNKEY_FLOOR_ID) 
VALUES (8, CURRENT_TIMESTAMP,0,'O','VISUAL_INTENSIVE_MODE',0,0,0,'floor-1-room-7',2);

INSERT INTO room (ID, CREATED, HBM_VERSION, ROOM_TYPE, ACTIVITY_MODE, ENERGY_USAGE_DAY, ENERGY_USAGE_WEEK, ENERGY_USAGE_MONTH, FOREIGN_ROOM_ID, FOREIGNKEY_FLOOR_ID) 
VALUES (9, CURRENT_TIMESTAMP,0,'O','OFFICE_MODE',0,0,0,'floor-1-room-8',2);

INSERT INTO room (ID, CREATED, HBM_VERSION, ROOM_TYPE, ACTIVITY_MODE, ENERGY_USAGE_DAY, ENERGY_USAGE_WEEK, ENERGY_USAGE_MONTH, FOREIGN_ROOM_ID, FOREIGNKEY_FLOOR_ID) 
VALUES (10, CURRENT_TIMESTAMP,0,'O','LECTURE_MODE',0,0,0,'floor-1-room-9',2);

INSERT INTO room (ID, CREATED, HBM_VERSION, ROOM_TYPE, ACTIVITY_MODE, ENERGY_USAGE_DAY, ENERGY_USAGE_WEEK, ENERGY_USAGE_MONTH, FOREIGN_ROOM_ID, FOREIGNKEY_FLOOR_ID) 
VALUES (11, CURRENT_TIMESTAMP,0,'O','LOUNGE_MODE',0,0,0,'floor-1-room-10',2);

INSERT INTO room (ID, CREATED, HBM_VERSION, ROOM_TYPE, ACTIVITY_MODE, ENERGY_USAGE_DAY, ENERGY_USAGE_WEEK, ENERGY_USAGE_MONTH, FOREIGN_ROOM_ID, FOREIGNKEY_FLOOR_ID) 
VALUES (12, CURRENT_TIMESTAMP,0,'O','PARTY_MODE',0,0,0,'floor-1-room-11',2);

INSERT INTO room (ID, CREATED, HBM_VERSION, ROOM_TYPE, ACTIVITY_MODE, ENERGY_USAGE_DAY, ENERGY_USAGE_WEEK, ENERGY_USAGE_MONTH, FOREIGN_ROOM_ID, FOREIGNKEY_FLOOR_ID) 
VALUES (13, CURRENT_TIMESTAMP,0,'B','BATHROOM_MODE',0,0,0,'floor-1-room-12',2);

INSERT INTO room (ID, CREATED, HBM_VERSION, ROOM_TYPE, ACTIVITY_MODE, ENERGY_USAGE_DAY, ENERGY_USAGE_WEEK, ENERGY_USAGE_MONTH, FOREIGN_ROOM_ID, FOREIGNKEY_FLOOR_ID) 
VALUES (14, CURRENT_TIMESTAMP,0,'H','HALLWAY_MODE',0,0,0,'floor-1-room-13',2);

##floor 3
INSERT INTO room (ID, CREATED, HBM_VERSION, ROOM_TYPE, ACTIVITY_MODE, ENERGY_USAGE_DAY, ENERGY_USAGE_WEEK, ENERGY_USAGE_MONTH, FOREIGN_ROOM_ID, FOREIGNKEY_FLOOR_ID) 
VALUES (15, CURRENT_TIMESTAMP,0,'O','VISUAL_INTENSIVE_MODE',0,0,0,'floor-2-room-14',3);

INSERT INTO room (ID, CREATED, HBM_VERSION, ROOM_TYPE, ACTIVITY_MODE, ENERGY_USAGE_DAY, ENERGY_USAGE_WEEK, ENERGY_USAGE_MONTH, FOREIGN_ROOM_ID, FOREIGNKEY_FLOOR_ID) 
VALUES (16, CURRENT_TIMESTAMP,0,'O','OFFICE_MODE',0,0,0,'floor-2-room-15',3);

INSERT INTO room (ID, CREATED, HBM_VERSION, ROOM_TYPE, ACTIVITY_MODE, ENERGY_USAGE_DAY, ENERGY_USAGE_WEEK, ENERGY_USAGE_MONTH, FOREIGN_ROOM_ID, FOREIGNKEY_FLOOR_ID) 
VALUES (17, CURRENT_TIMESTAMP,0,'O','LECTURE_MODE',0,0,0,'floor-2-room-16',3);

INSERT INTO room (ID, CREATED, HBM_VERSION, ROOM_TYPE, ACTIVITY_MODE, ENERGY_USAGE_DAY, ENERGY_USAGE_WEEK, ENERGY_USAGE_MONTH, FOREIGN_ROOM_ID, FOREIGNKEY_FLOOR_ID) 
VALUES (18, CURRENT_TIMESTAMP,0,'O','LOUNGE_MODE',0,0,0,'floor-2-room-17',3);

INSERT INTO room (ID, CREATED, HBM_VERSION, ROOM_TYPE, ACTIVITY_MODE, ENERGY_USAGE_DAY, ENERGY_USAGE_WEEK, ENERGY_USAGE_MONTH, FOREIGN_ROOM_ID, FOREIGNKEY_FLOOR_ID) 
VALUES (19, CURRENT_TIMESTAMP,0,'O','PARTY_MODE',0,0,0,'floor-2-room-18',3);

INSERT INTO room (ID, CREATED, HBM_VERSION, ROOM_TYPE, ACTIVITY_MODE, ENERGY_USAGE_DAY, ENERGY_USAGE_WEEK, ENERGY_USAGE_MONTH, FOREIGN_ROOM_ID, FOREIGNKEY_FLOOR_ID) 
VALUES (20, CURRENT_TIMESTAMP,0,'B','BATHROOM_MODE',0,0,0,'floor-2-room-19',3);

INSERT INTO room (ID, CREATED, HBM_VERSION, ROOM_TYPE, ACTIVITY_MODE, ENERGY_USAGE_DAY, ENERGY_USAGE_WEEK, ENERGY_USAGE_MONTH, FOREIGN_ROOM_ID, FOREIGNKEY_FLOOR_ID) 
VALUES (21, CURRENT_TIMESTAMP,0,'H','HALLWAY_MODE',0,0,0,'floor-2-room-20',3);

#create the devices
##room 1
INSERT INTO device (ID, CREATED, HBM_VERSION, FOREIGNKEY_ROOM_ID, FOREIGN_DEVICE_ID) 
VALUES (1, CURRENT_TIMESTAMP, 0, 1, 'room-0-blind-0' );

INSERT INTO device (ID, CREATED, HBM_VERSION, FOREIGNKEY_ROOM_ID, FOREIGN_DEVICE_ID) 
VALUES (2, CURRENT_TIMESTAMP, 0, 1, 'room-0-blind-1' );

INSERT INTO device (ID, CREATED, HBM_VERSION, FOREIGNKEY_ROOM_ID, FOREIGN_DEVICE_ID) 
VALUES (3, CURRENT_TIMESTAMP, 0, 1, 'room-0-light-0' );

INSERT INTO device (ID, CREATED, HBM_VERSION, FOREIGNKEY_ROOM_ID, FOREIGN_DEVICE_ID) 
VALUES (4, CURRENT_TIMESTAMP, 0, 1, 'room-0-light-1' );

##room 2
INSERT INTO device (ID, CREATED, HBM_VERSION, FOREIGNKEY_ROOM_ID, FOREIGN_DEVICE_ID) 
VALUES (5, CURRENT_TIMESTAMP, 0, 2, 'room-1-blind-2' );

INSERT INTO device (ID, CREATED, HBM_VERSION, FOREIGNKEY_ROOM_ID, FOREIGN_DEVICE_ID) 
VALUES (6, CURRENT_TIMESTAMP, 0, 2, 'room-1-blind-3' );

INSERT INTO device (ID, CREATED, HBM_VERSION, FOREIGNKEY_ROOM_ID, FOREIGN_DEVICE_ID) 
VALUES (7, CURRENT_TIMESTAMP, 0, 2, 'room-1-light-2' );

INSERT INTO device (ID, CREATED, HBM_VERSION, FOREIGNKEY_ROOM_ID, FOREIGN_DEVICE_ID) 
VALUES (8, CURRENT_TIMESTAMP, 0, 2, 'room-1-light-3' );

##room 3
INSERT INTO device (ID, CREATED, HBM_VERSION, FOREIGNKEY_ROOM_ID, FOREIGN_DEVICE_ID) 
VALUES (9, CURRENT_TIMESTAMP, 0, 3, 'room-2-blind-4' );

INSERT INTO device (ID, CREATED, HBM_VERSION, FOREIGNKEY_ROOM_ID, FOREIGN_DEVICE_ID) 
VALUES (10, CURRENT_TIMESTAMP, 0, 3, 'room-2-blind-5' );

INSERT INTO device (ID, CREATED, HBM_VERSION, FOREIGNKEY_ROOM_ID, FOREIGN_DEVICE_ID) 
VALUES (11, CURRENT_TIMESTAMP, 0, 3, 'room-2-light-4' );

INSERT INTO device (ID, CREATED, HBM_VERSION, FOREIGNKEY_ROOM_ID, FOREIGN_DEVICE_ID) 
VALUES (12, CURRENT_TIMESTAMP, 0, 3, 'room-2-light-5' );

##room 4
INSERT INTO device (ID, CREATED, HBM_VERSION, FOREIGNKEY_ROOM_ID, FOREIGN_DEVICE_ID) 
VALUES (13, CURRENT_TIMESTAMP, 0, 4, 'room-3-blind-6' );

INSERT INTO device (ID, CREATED, HBM_VERSION, FOREIGNKEY_ROOM_ID, FOREIGN_DEVICE_ID) 
VALUES (14, CURRENT_TIMESTAMP, 0, 4, 'room-3-blind-7' );

INSERT INTO device (ID, CREATED, HBM_VERSION, FOREIGNKEY_ROOM_ID, FOREIGN_DEVICE_ID) 
VALUES (15, CURRENT_TIMESTAMP, 0, 4, 'room-3-light-6' );

INSERT INTO device (ID, CREATED, HBM_VERSION, FOREIGNKEY_ROOM_ID, FOREIGN_DEVICE_ID) 
VALUES (16, CURRENT_TIMESTAMP, 0, 4, 'room-3-light-7' );

##room 5
INSERT INTO device (ID, CREATED, HBM_VERSION, FOREIGNKEY_ROOM_ID, FOREIGN_DEVICE_ID) 
VALUES (17, CURRENT_TIMESTAMP, 0, 5, 'room-4-blind-8' );

INSERT INTO device (ID, CREATED, HBM_VERSION, FOREIGNKEY_ROOM_ID, FOREIGN_DEVICE_ID) 
VALUES (18, CURRENT_TIMESTAMP, 0, 5, 'room-4-blind-9' );

INSERT INTO device (ID, CREATED, HBM_VERSION, FOREIGNKEY_ROOM_ID, FOREIGN_DEVICE_ID) 
VALUES (19, CURRENT_TIMESTAMP, 0, 5, 'room-4-light-8' );

INSERT INTO device (ID, CREATED, HBM_VERSION, FOREIGNKEY_ROOM_ID, FOREIGN_DEVICE_ID) 
VALUES (20, CURRENT_TIMESTAMP, 0, 5, 'room-4-light-9' );

##room 6
INSERT INTO device (ID, CREATED, HBM_VERSION, FOREIGNKEY_ROOM_ID, FOREIGN_DEVICE_ID) 
VALUES (21, CURRENT_TIMESTAMP, 0, 6, 'room-5-light-10' );

INSERT INTO device (ID, CREATED, HBM_VERSION, FOREIGNKEY_ROOM_ID, FOREIGN_DEVICE_ID) 
VALUES (22, CURRENT_TIMESTAMP, 0, 6, 'room-5-light-11' );

##room 7
INSERT INTO device (ID, CREATED, HBM_VERSION, FOREIGNKEY_ROOM_ID, FOREIGN_DEVICE_ID) 
VALUES (23, CURRENT_TIMESTAMP, 0, 7, 'room-6-light-12' );

INSERT INTO device (ID, CREATED, HBM_VERSION, FOREIGNKEY_ROOM_ID, FOREIGN_DEVICE_ID) 
VALUES (24, CURRENT_TIMESTAMP, 0, 7, 'room-6-light-13' );

INSERT INTO device (ID, CREATED, HBM_VERSION, FOREIGNKEY_ROOM_ID, FOREIGN_DEVICE_ID) 
VALUES (25, CURRENT_TIMESTAMP, 0, 7, 'room-6-light-14' );

INSERT INTO device (ID, CREATED, HBM_VERSION, FOREIGNKEY_ROOM_ID, FOREIGN_DEVICE_ID) 
VALUES (26, CURRENT_TIMESTAMP, 0, 7, 'room-6-light-15' );

INSERT INTO device (ID, CREATED, HBM_VERSION, FOREIGNKEY_ROOM_ID, FOREIGN_DEVICE_ID) 
VALUES (27, CURRENT_TIMESTAMP, 0, 7, 'room-6-light-16' );

##room 8
INSERT INTO device (ID, CREATED, HBM_VERSION, FOREIGNKEY_ROOM_ID, FOREIGN_DEVICE_ID) 
VALUES (28, CURRENT_TIMESTAMP, 0, 8, 'room-7-blind-10' );

INSERT INTO device (ID, CREATED, HBM_VERSION, FOREIGNKEY_ROOM_ID, FOREIGN_DEVICE_ID) 
VALUES (29, CURRENT_TIMESTAMP, 0, 8, 'room-7-blind-11' );

INSERT INTO device (ID, CREATED, HBM_VERSION, FOREIGNKEY_ROOM_ID, FOREIGN_DEVICE_ID) 
VALUES (30, CURRENT_TIMESTAMP, 0, 8, 'room-7-light-17' );

INSERT INTO device (ID, CREATED, HBM_VERSION, FOREIGNKEY_ROOM_ID, FOREIGN_DEVICE_ID) 
VALUES (31, CURRENT_TIMESTAMP, 0, 8, 'room-7-light-18' );

##room 9
INSERT INTO device (ID, CREATED, HBM_VERSION, FOREIGNKEY_ROOM_ID, FOREIGN_DEVICE_ID) 
VALUES (32, CURRENT_TIMESTAMP, 0, 9, 'room-8-blind-12' );

INSERT INTO device (ID, CREATED, HBM_VERSION, FOREIGNKEY_ROOM_ID, FOREIGN_DEVICE_ID) 
VALUES (33, CURRENT_TIMESTAMP, 0, 9, 'room-8-blind-13' );

INSERT INTO device (ID, CREATED, HBM_VERSION, FOREIGNKEY_ROOM_ID, FOREIGN_DEVICE_ID) 
VALUES (34, CURRENT_TIMESTAMP, 0, 9, 'room-8-light-19' );

INSERT INTO device (ID, CREATED, HBM_VERSION, FOREIGNKEY_ROOM_ID, FOREIGN_DEVICE_ID) 
VALUES (35, CURRENT_TIMESTAMP, 0, 9, 'room-8-light-20' );

##room 10
INSERT INTO device (ID, CREATED, HBM_VERSION, FOREIGNKEY_ROOM_ID, FOREIGN_DEVICE_ID) 
VALUES (36, CURRENT_TIMESTAMP, 0, 10, 'room-9-blind-14' );

INSERT INTO device (ID, CREATED, HBM_VERSION, FOREIGNKEY_ROOM_ID, FOREIGN_DEVICE_ID) 
VALUES (37, CURRENT_TIMESTAMP, 0, 10, 'room-9-blind-15' );

INSERT INTO device (ID, CREATED, HBM_VERSION, FOREIGNKEY_ROOM_ID, FOREIGN_DEVICE_ID) 
VALUES (38, CURRENT_TIMESTAMP, 0, 10, 'room-9-light-21' );

INSERT INTO device (ID, CREATED, HBM_VERSION, FOREIGNKEY_ROOM_ID, FOREIGN_DEVICE_ID) 
VALUES (39, CURRENT_TIMESTAMP, 0, 10, 'room-9-light-22' );

##room 11
INSERT INTO device (ID, CREATED, HBM_VERSION, FOREIGNKEY_ROOM_ID, FOREIGN_DEVICE_ID) 
VALUES (40, CURRENT_TIMESTAMP, 0, 11, 'room-10-blind-16' );

INSERT INTO device (ID, CREATED, HBM_VERSION, FOREIGNKEY_ROOM_ID, FOREIGN_DEVICE_ID) 
VALUES (41, CURRENT_TIMESTAMP, 0, 11, 'room-10-blind-17' );

INSERT INTO device (ID, CREATED, HBM_VERSION, FOREIGNKEY_ROOM_ID, FOREIGN_DEVICE_ID) 
VALUES (42, CURRENT_TIMESTAMP, 0, 11, 'room-10-light-23' );

INSERT INTO device (ID, CREATED, HBM_VERSION, FOREIGNKEY_ROOM_ID, FOREIGN_DEVICE_ID) 
VALUES (43, CURRENT_TIMESTAMP, 0, 11, 'room-10-light-24' );

##room 12
INSERT INTO device (ID, CREATED, HBM_VERSION, FOREIGNKEY_ROOM_ID, FOREIGN_DEVICE_ID) 
VALUES (44, CURRENT_TIMESTAMP, 0, 12, 'room-11-blind-18' );

INSERT INTO device (ID, CREATED, HBM_VERSION, FOREIGNKEY_ROOM_ID, FOREIGN_DEVICE_ID) 
VALUES (45, CURRENT_TIMESTAMP, 0, 12, 'room-11-blind-19' );

INSERT INTO device (ID, CREATED, HBM_VERSION, FOREIGNKEY_ROOM_ID, FOREIGN_DEVICE_ID) 
VALUES (46, CURRENT_TIMESTAMP, 0, 12, 'room-11-light-25' );

INSERT INTO device (ID, CREATED, HBM_VERSION, FOREIGNKEY_ROOM_ID, FOREIGN_DEVICE_ID) 
VALUES (47, CURRENT_TIMESTAMP, 0, 12, 'room-11-light-26' );

##room 13
INSERT INTO device (ID, CREATED, HBM_VERSION, FOREIGNKEY_ROOM_ID, FOREIGN_DEVICE_ID) 
VALUES (48, CURRENT_TIMESTAMP, 0, 13, 'room-12-light-27' );

INSERT INTO device (ID, CREATED, HBM_VERSION, FOREIGNKEY_ROOM_ID, FOREIGN_DEVICE_ID) 
VALUES (49, CURRENT_TIMESTAMP, 0, 13, 'room-12-light-28' );

##room 14
INSERT INTO device (ID, CREATED, HBM_VERSION, FOREIGNKEY_ROOM_ID, FOREIGN_DEVICE_ID) 
VALUES (50, CURRENT_TIMESTAMP, 0, 14, 'room-13-light-29' );

INSERT INTO device (ID, CREATED, HBM_VERSION, FOREIGNKEY_ROOM_ID, FOREIGN_DEVICE_ID) 
VALUES (51, CURRENT_TIMESTAMP, 0, 14, 'room-13-light-30' );

INSERT INTO device (ID, CREATED, HBM_VERSION, FOREIGNKEY_ROOM_ID, FOREIGN_DEVICE_ID) 
VALUES (52, CURRENT_TIMESTAMP, 0, 14, 'room-13-light-31' );

INSERT INTO device (ID, CREATED, HBM_VERSION, FOREIGNKEY_ROOM_ID, FOREIGN_DEVICE_ID) 
VALUES (53, CURRENT_TIMESTAMP, 0, 14, 'room-13-light-32' );

INSERT INTO device (ID, CREATED, HBM_VERSION, FOREIGNKEY_ROOM_ID, FOREIGN_DEVICE_ID) 
VALUES (54, CURRENT_TIMESTAMP, 0, 14, 'room-13-light-33' );

##room 15
INSERT INTO device (ID, CREATED, HBM_VERSION, FOREIGNKEY_ROOM_ID, FOREIGN_DEVICE_ID) 
VALUES (55, CURRENT_TIMESTAMP, 0, 15, 'room-14-blind-20' );

INSERT INTO device (ID, CREATED, HBM_VERSION, FOREIGNKEY_ROOM_ID, FOREIGN_DEVICE_ID) 
VALUES (56, CURRENT_TIMESTAMP, 0, 15, 'room-14-blind-21' );

INSERT INTO device (ID, CREATED, HBM_VERSION, FOREIGNKEY_ROOM_ID, FOREIGN_DEVICE_ID) 
VALUES (57, CURRENT_TIMESTAMP, 0, 15, 'room-14-light-34' );

INSERT INTO device (ID, CREATED, HBM_VERSION, FOREIGNKEY_ROOM_ID, FOREIGN_DEVICE_ID) 
VALUES (58, CURRENT_TIMESTAMP, 0, 15, 'room-14-light-35' );

##room 16
INSERT INTO device (ID, CREATED, HBM_VERSION, FOREIGNKEY_ROOM_ID, FOREIGN_DEVICE_ID) 
VALUES (59, CURRENT_TIMESTAMP, 0, 16, 'room-15-blind-22' );

INSERT INTO device (ID, CREATED, HBM_VERSION, FOREIGNKEY_ROOM_ID, FOREIGN_DEVICE_ID) 
VALUES (60, CURRENT_TIMESTAMP, 0, 16, 'room-15-blind-23' );

INSERT INTO device (ID, CREATED, HBM_VERSION, FOREIGNKEY_ROOM_ID, FOREIGN_DEVICE_ID) 
VALUES (61, CURRENT_TIMESTAMP, 0, 16, 'room-15-light-36' );

INSERT INTO device (ID, CREATED, HBM_VERSION, FOREIGNKEY_ROOM_ID, FOREIGN_DEVICE_ID) 
VALUES (62, CURRENT_TIMESTAMP, 0, 16, 'room-15-light-37' );

##room 17
INSERT INTO device (ID, CREATED, HBM_VERSION, FOREIGNKEY_ROOM_ID, FOREIGN_DEVICE_ID) 
VALUES (63, CURRENT_TIMESTAMP, 0, 17, 'room-16-blind-24' );

INSERT INTO device (ID, CREATED, HBM_VERSION, FOREIGNKEY_ROOM_ID, FOREIGN_DEVICE_ID) 
VALUES (64, CURRENT_TIMESTAMP, 0, 17, 'room-16-blind-25' );

INSERT INTO device (ID, CREATED, HBM_VERSION, FOREIGNKEY_ROOM_ID, FOREIGN_DEVICE_ID) 
VALUES (65, CURRENT_TIMESTAMP, 0, 17, 'room-16-light-38' );

INSERT INTO device (ID, CREATED, HBM_VERSION, FOREIGNKEY_ROOM_ID, FOREIGN_DEVICE_ID) 
VALUES (66, CURRENT_TIMESTAMP, 0, 17, 'room-16-light-39' );

##room 18
INSERT INTO device (ID, CREATED, HBM_VERSION, FOREIGNKEY_ROOM_ID, FOREIGN_DEVICE_ID) 
VALUES (67, CURRENT_TIMESTAMP, 0, 18, 'room-17-blind-26' );

INSERT INTO device (ID, CREATED, HBM_VERSION, FOREIGNKEY_ROOM_ID, FOREIGN_DEVICE_ID) 
VALUES (68, CURRENT_TIMESTAMP, 0, 18, 'room-17-blind-27' );

INSERT INTO device (ID, CREATED, HBM_VERSION, FOREIGNKEY_ROOM_ID, FOREIGN_DEVICE_ID) 
VALUES (69, CURRENT_TIMESTAMP, 0, 18, 'room-17-light-40' );

INSERT INTO device (ID, CREATED, HBM_VERSION, FOREIGNKEY_ROOM_ID, FOREIGN_DEVICE_ID) 
VALUES (70, CURRENT_TIMESTAMP, 0, 18, 'room-17-light-41' );

##room 19
INSERT INTO device (ID, CREATED, HBM_VERSION, FOREIGNKEY_ROOM_ID, FOREIGN_DEVICE_ID) 
VALUES (71, CURRENT_TIMESTAMP, 0, 19, 'room-18-blind-28' );

INSERT INTO device (ID, CREATED, HBM_VERSION, FOREIGNKEY_ROOM_ID, FOREIGN_DEVICE_ID) 
VALUES (72, CURRENT_TIMESTAMP, 0, 19, 'room-18-blind-29' );

INSERT INTO device (ID, CREATED, HBM_VERSION, FOREIGNKEY_ROOM_ID, FOREIGN_DEVICE_ID) 
VALUES (73, CURRENT_TIMESTAMP, 0, 19, 'room-18-light-42' );

INSERT INTO device (ID, CREATED, HBM_VERSION, FOREIGNKEY_ROOM_ID, FOREIGN_DEVICE_ID) 
VALUES (74, CURRENT_TIMESTAMP, 0, 19, 'room-18-light-43' );

##room 20
INSERT INTO device (ID, CREATED, HBM_VERSION, FOREIGNKEY_ROOM_ID, FOREIGN_DEVICE_ID) 
VALUES (75, CURRENT_TIMESTAMP, 0, 20, 'room-19-light-44' );

INSERT INTO device (ID, CREATED, HBM_VERSION, FOREIGNKEY_ROOM_ID, FOREIGN_DEVICE_ID) 
VALUES (76, CURRENT_TIMESTAMP, 0, 20, 'room-19-light-45' );

##room 21
INSERT INTO device (ID, CREATED, HBM_VERSION, FOREIGNKEY_ROOM_ID, FOREIGN_DEVICE_ID) 
VALUES (77, CURRENT_TIMESTAMP, 0, 21, 'room-20-light-46' );

INSERT INTO device (ID, CREATED, HBM_VERSION, FOREIGNKEY_ROOM_ID, FOREIGN_DEVICE_ID) 
VALUES (78, CURRENT_TIMESTAMP, 0, 21, 'room-20-light-47' );

INSERT INTO device (ID, CREATED, HBM_VERSION, FOREIGNKEY_ROOM_ID, FOREIGN_DEVICE_ID) 
VALUES (79, CURRENT_TIMESTAMP, 0, 21, 'room-20-light-48' );

INSERT INTO device (ID, CREATED, HBM_VERSION, FOREIGNKEY_ROOM_ID, FOREIGN_DEVICE_ID) 
VALUES (80, CURRENT_TIMESTAMP, 0, 21, 'room-20-light-49' );

INSERT INTO device (ID, CREATED, HBM_VERSION, FOREIGNKEY_ROOM_ID, FOREIGN_DEVICE_ID) 
VALUES (81, CURRENT_TIMESTAMP, 0, 21, 'room-20-light-50' );